﻿{"cameraMode":{"drawMode":0,"name":"Shaded","section":"Shading Mode"},"sceneLighting":true,"audioPlay":false,"sceneViewState":{"showFog":false,"showMaterialUpdate":false,"showSkybox":false,"showFlares":false,"showImageEffects":false,"showParticleSystems":false},"in2DMode":false,"pivot":{"x":1.0424211025238038,"y":1.1886956691741944,"z":0.7486324310302734},"rotation":{"x":-0.21165905892848969,"y":0.01817418821156025,"z":-0.00393679877743125,"w":-0.977167546749115},"size":5.22055196762085,"orthographic":false}